run,kind,sessions and /evolve,sweep rollouts,sweep $,benchmark rollouts,benchmark $,total
D0,development,$22.66,984,$107.53,246,$25.26,$155.45
R1,evaluation,$12.78,254,$32.76,906,$122.45,$167.99
R2,evaluation,$12.67,236,$33.89,546,$75.16,$121.72
R3,evaluation,$15.87,966,$128.78,456,$63.31,$207.95
R4,evaluation,$13.69,362,$45.64,446,$57.48,$116.81
C1,control,$11.27,0,$0.00,228,$26.71,$37.98
D0R,remeasure,$0.00,0,$0.00,456,$60.05,$60.05
M1,model-change,$0.00,0,$0.00,336,$73.75,$73.75
runs above (the development run's included),,,,,,,$941.70
(usage probes),testbed / other,$0.00,,$0.00,,$0.00,$0.47
GATE,testbed / other,$0.00,,$110.88,,$0.00,$110.88
M1 (beyond its export),measured,,,$139.20,,,$139.54
PILOT,testbed / other,$2.02,,$3.02,,$0.00,$5.04
PRUNE,testbed / other,$0.77,,$129.70 (of which $20.79 a sweep whose record the agent deleted),,$0.00,$130.48
X1,testbed / other,$4.88,,$0.00,,$14.07,$18.95
stale,testbed / other,$4.14,,$0.00,,$0.00,$4.14
"**programme, measured**",,,,,,,"**$1,195.75** of $1,500 (the development run not included)"
